Site,PlotID,num_burn,preFireName,preFireYear,crrnFRI,mdnRFRI,mnPFRID,mCC_FRI,PFR,ppt,tmean,elevation,slope,aspect_degrees,hli,Distance_km,TSLF,cool_warm_slope
Bobcat,BOB001,5,county,2018,16,59,-70.65,-3,chaparral and serotinous conifer,736.6400146,15.83000088,365,13.80846571,86.24472342,0.625570058,33,2,cool
Bobcat,BOB002,5,county,2018,16,59,-70.65,-3,chaparral and serotinous conifer,736.6400146,15.83000088,371,22.47966373,81.04804046,0.532251368,33,2,cool
Bobcat,BOB003,5,county,2018,16,59,-70.65,-3,chaparral and serotinous conifer,736.6400146,15.83000088,382,22.2482833,92.25520606,0.578553484,33,2,cool
Bobcat,BOB004,5,county,2018,16,59,-70.65,-3,chaparral and serotinous conifer,736.6400146,15.83000088,382,19.21938265,198.8106702,0.921817222,33,2,warm
Bobcat,BOB005,5,county,2018,16,59,-70.65,-3,chaparral and serotinous conifer,736.6400146,15.83000088,362,29.68425609,221.5520717,0.917361542,33,2,warm
Bobcat,BOB006,5,county,2018,16,59,-70.65,-3,chaparral and serotinous conifer,710.2400513,16.73000145,325,9.61079366,183.4596732,0.83246068,32,2,warm
Bobcat,BOB007,3,county,2018,16,59,-70.65,-3,chaparral and serotinous conifer,736.6400146,15.83000088,298,21.4867743,33.03770751,0.469349769,33,2,cool
Bobcat,BOB008,3,county,2018,16,59,-70.65,-3,chaparral and serotinous conifer,736.6400146,15.83000088,328,30.16901482,14.24839182,0.440777247,33,2,cool
Bobcat,BOB009,3,county,2018,19,59,-65.76,-2,chaparral and serotinous conifer,768.092041,15.9800005,442,15.48785931,158.3553538,0.849216221,33,2,warm
Bobcat,BOB010,3,county,2018,19,59,-65.76,-2,chaparral and serotinous conifer,768.092041,15.9800005,431,10.99886977,92.37337073,0.662529461,33,2,cool
Bobcat,BOB011,4,county,2018,19,59,-65.76,-2,chaparral and serotinous conifer,768.092041,15.9800005,453,12.95139591,102.1216972,0.677212706,33,2,cool
Bobcat,BOB012,4,county,2018,16,59,-70.65,-3,chaparral and serotinous conifer,768.092041,15.9800005,404,17.13345716,95.99454015,0.631649018,33,2,cool
Bobcat,BOB013,4,county,2018,19,59,-65.76,-2,chaparral and serotinous conifer,768.092041,15.9800005,267,28.84809216,105.2485091,0.592366481,33,2,cool
Bobcat,BOB014,4,county,2018,19,59,-65.76,-2,chaparral and serotinous conifer,768.092041,15.9800005,430,20.71848035,91.21931663,0.586582157,33,2,cool
Bobcat,BOB015,4,county,2018,19,59,-65.76,-2,chaparral and serotinous conifer,768.092041,15.9800005,272,25.19357136,91.96096673,0.553401812,33,2,cool
Bobcat,BOB016,4,county,2018,19,59,-65.76,-2,chaparral and serotinous conifer,768.092041,15.9800005,279,26.7541398,72.34147491,0.460294112,33,2,cool
Bobcat,BOB017,4,county,2018,19,59,-65.76,-2,chaparral and serotinous conifer,768.092041,15.9800005,321,31.93748885,117.6991734,0.646602477,33,2,warm
Bobcat,BOB018,3,county,2018,19,59,-65.76,-2,chaparral and serotinous conifer,768.092041,15.9800005,395,27.66771849,83.83105201,0.49642543,33,2,cool
Bobcat,BOB019,5,county,2018,16,59,-70.65,-3,chaparral and serotinous conifer,710.2400513,16.73000145,314,29.3213221,60.84175126,0.398796512,32,2,cool
CacheCreek,CCC001,1,NA,1950,56,13,48.67,2,oak woodland,667.3500366,16.21000099,320,21.55317077,12.01001586,0.529856522,67,70,cool
CacheCreek,CCC002,1,NA,1950,56,59,2.65,1,chaparral and serotinous conifer,699.5210571,16.55000114,513,30.15490236,355.9442729,0.522526463,67,70,cool
CacheCreek,CCC003,1,NA,1950,56,13,48.67,2,oak woodland,684.7080078,16.3200016,426,21.15311446,259.2099268,0.938585912,67,70,warm
CacheCreek,CCC004,1,NA,1950,56,59,2.65,1,chaparral and serotinous conifer,699.5210571,16.55000114,453,25.83624197,327.9684841,0.703870319,67,70,cool
CacheCreek,CCC005,1,NA,1950,56,59,2.65,1,chaparral and serotinous conifer,699.5210571,16.55000114,541,30.41034182,266.068433,0.982594434,67,70,warm
CacheCreek,CCC006,1,NA,1950,56,59,2.65,1,chaparral and serotinous conifer,699.5210571,16.55000114,523,23.63613888,235.2411234,0.922606376,67,70,warm
CacheCreek,CCC007,6,sixteen_complex,2012,13,59,-77.17,-3,chaparral and serotinous conifer,626.3870239,16.04000092,429,23.35426147,87.86349078,0.551121455,68,8,cool
CacheCreek,CCC008,6,sixteen_complex,2012,13,12,4.42,1,oak woodland,626.3870239,16.04000092,423,31.78972905,95.96329112,0.519459372,69,8,cool
CacheCreek,CCC009,6,sixteen_complex,2012,11,12,-5.83,-1,oak woodland,626.3870239,16.04000092,431,36.54926737,93.73522825,0.468871564,69,8,cool
CacheCreek,CCC010,6,sixteen_complex,2012,13,59,-77.17,-3,chaparral and serotinous conifer,626.3870239,16.04000092,374,37.26898351,40.39764468,0.29897265,69,8,cool
CacheCreek,CCC011,6,sixteen_complex,2012,11,59,-79.45,-3,chaparral and serotinous conifer,626.3870239,16.04000092,405,28.0893039,317.6421408,0.755607208,69,8,cool
CacheCreek,CCC012,6,sixteen_complex,2012,11,59,-79.45,-3,chaparral and serotinous conifer,626.3870239,16.04000092,396,25.71253729,38.22514047,0.412086815,69,8,cool
ColdCanyon,COL007,3,wragg,2015,28,59,-48.64,-2,chaparral and serotinous conifer,714.1930542,16.5,417,32.23373813,287.0725206,0.921884381,32,5,warm
ColdCanyon,COL012,3,wragg,2015,28,59,-48.64,-2,chaparral and serotinous conifer,714.1930542,16.5,400,33.62066718,292.7898912,0.89255582,32,5,cool
ColdCanyon,COL013,3,wragg,2015,28,59,-48.64,-2,chaparral and serotinous conifer,714.1930542,16.5,403,25.80270396,263.3079697,0.965972373,32,5,warm
ColdCanyon,COL014,3,wragg,2015,28,59,-48.64,-2,chaparral and serotinous conifer,714.1930542,16.5,305,22.04708421,280.3038049,0.915958639,32,5,warm
ColdCanyon,COL017,3,wragg,2015,28,59,-48.64,-2,chaparral and serotinous conifer,714.1930542,16.5,381,38.70810277,258.9989807,0.999585616,32,5,warm
ColdCanyon,COL018,3,wragg,2015,28,59,-48.64,-2,chaparral and serotinous conifer,714.1930542,16.5,272,11.45012152,220.9733386,0.830008556,31,5,warm
QuailRidge,QUA001,2,pleasure,2005,38,59,-31.52,-1,chaparral and serotinous conifer,703.8970337,16.34000015,328,23.60746569,152.1258786,0.861547753,34,15,warm
QuailRidge,QUA002,2,pleasure,2005,38,59,-31.52,-1,chaparral and serotinous conifer,703.8970337,16.34000015,360,35.72292581,199.9341827,0.993031593,34,15,warm
QuailRidge,QUA003,2,pleasure,2005,38,59,-31.52,-1,chaparral and serotinous conifer,706.3400269,16,387,27.54474844,189.0158523,0.976095759,33,15,warm
QuailRidge,QUA004,1,NA,1950,56,59,2.65,1,chaparral and serotinous conifer,713.0060425,16.70000076,270,4.746891146,345.7583783,0.714118031,33,70,cool
QuailRidge,QUA005,1,resort,1988,28,59,-48.64,-2,chaparral and serotinous conifer,718.7970581,16.30900002,338,14.22210781,214.343392,0.862710337,33,32,warm
QuailRidge,QUA006,1,resort,1988,28,59,-48.64,-2,chaparral and serotinous conifer,718.7970581,16.30900002,364,25.81244945,169.0451007,0.931843163,33,32,warm
QuailRidge,QUA008,1,NA,1950,56,59,2.65,1,chaparral and serotinous conifer,706.3400269,16,377,18.46556221,171.2001069,0.897411228,33,70,warm
QuailRidge,QUA009,1,NA,1950,56,59,2.65,1,chaparral and serotinous conifer,706.3400269,16,407,30.6209095,186.9399362,0.986667157,33,70,warm
QuailRidge,QUA010,2,pleasure,2005,38,59,-31.52,-1,chaparral and serotinous conifer,706.3400269,16,380,27.55861956,224.8097423,0.89974384,33,15,warm
QuailRidge,QUA011,1,NA,1950,56,59,2.65,1,chaparral and serotinous conifer,710.710022,16.11000061,368,13.63277941,210.3628406,0.863365817,33,70,warm
QuailRidge,QUA015,1,NA,1950,56,59,2.65,1,chaparral and serotinous conifer,697.3670044,16.51000023,354,16.06079806,263.5792689,0.896145464,34,70,warm
QuailRidge,QUA016,1,NA,1950,56,59,2.65,1,chaparral and serotinous conifer,697.3670044,16.51000023,345,15.5466182,218.6346752,0.86507874,34,70,warm
QuailRidge,QUA020,1,NA,1950,56,59,2.65,1,chaparral and serotinous conifer,699.7380371,16.69000053,356,4.184035955,8.028782384,0.693810329,34,70,cool
QuailRidge,QUA021,1,NA,1950,56,59,2.65,1,chaparral and serotinous conifer,699.7380371,16.69000053,348,7.987937489,30.64348396,0.630086437,34,70,cool
QuailRidge,QUA022,1,R.COOMBA,1961,38,59,-31.52,-1,chaparral and serotinous conifer,699.7380371,16.69000053,341,16.64803923,277.7344345,0.885939641,34,59,warm
QuailRidge,QUA023,2,pleasure,2005,38,59,-31.52,-1,chaparral and serotinous conifer,701.0570068,16.73000145,319,5.638087026,191.9452398,0.790384745,34,15,warm
QuailRidge,QUA024,1,NA,1950,56,59,2.65,1,chaparral and serotinous conifer,706.3400269,16,370,12.18291975,263.5785237,0.859665117,33,70,warm
QuailRidge,QUA025,2,pleasure,2005,38,59,-31.52,-1,chaparral and serotinous conifer,710.710022,16.11000061,348,24.32754044,276.1319381,0.93807534,33,15,warm